<?xml version="1.0"?>


   
      
     <dict>
      
      
      
         <entry group="0000" element="0000" vr="UL" vm="1" retired="false" version="2">
  <description>Group Length</description>
</entry>
         <entry group="0000" element="0002" vr="UI" vm="1" retired="false" version="2">
  <description>Affected SOP Class UID</description>
</entry>
         <entry group="0000" element="0003" vr="UI" vm="1" retired="false" version="2">
  <description>Requested SOP Class UID</description>
</entry>
         <entry group="0000" element="0100" vr="US" vm="1" retired="false" version="2">
  <description>Command Field</description>
</entry>
         <entry group="0000" element="0110" vr="US" vm="1" retired="false" version="2">
  <description>Message ID</description>
</entry>
         <entry group="0000" element="0120" vr="US" vm="1" retired="false" version="2">
  <description>Message ID Being Responded To</description>
</entry>
         <entry group="0000" element="0600" vr="AE" vm="1" retired="false" version="2">
  <description>Move Destination</description>
</entry>
         <entry group="0000" element="0700" vr="US" vm="1" retired="false" version="2">
  <description>Priority</description>
</entry>
         <entry group="0000" element="0800" vr="US" vm="1" retired="false" version="2">
  <description>Data Set Type</description>
</entry>
         <entry group="0000" element="0900" vr="US" vm="1" retired="false" version="2">
  <description>Status</description>
</entry>
         <entry group="0000" element="0901" vr="AT" vm="1-n" retired="false" version="2">
  <description>Offending Element</description>
</entry>
         <entry group="0000" element="0902" vr="LO" vm="1" retired="false" version="2">
  <description>Error Comment</description>
</entry>
         <entry group="0000" element="0903" vr="US" vm="1" retired="false" version="2">
  <description>Error ID</description>
</entry>
         <entry group="0000" element="1000" vr="UI" vm="1" retired="false" version="2">
  <description>Affected SOP Instance UID</description>
</entry>
         <entry group="0000" element="1001" vr="UI" vm="1" retired="false" version="2">
  <description>Requested SOP Instance UID</description>
</entry>
         <entry group="0000" element="1002" vr="US" vm="1" retired="false" version="2">
  <description>Event Type ID</description>
</entry>
         <entry group="0000" element="1005" vr="AT" vm="1-n" retired="false" version="2">
  <description>Attribute Identifier List</description>
</entry>
         <entry group="0000" element="1008" vr="US" vm="1" retired="false" version="2">
  <description>Action Type ID</description>
</entry>
         <entry group="0000" element="1020" vr="US" vm="1" retired="false" version="2">
  <description>Number of Remaining Sub-operations</description>
</entry>
         <entry group="0000" element="1021" vr="US" vm="1" retired="false" version="2">
  <description>Number of Completed Sub-operations</description>
</entry>
         <entry group="0000" element="1022" vr="US" vm="1" retired="false" version="2">
  <description>Number of Failed Sub-operations</description>
</entry>
         <entry group="0000" element="1023" vr="US" vm="1" retired="false" version="2">
  <description>Number of Warning Sub-operations</description>
</entry>
         <entry group="0000" element="1030" vr="AE" vm="1" retired="false" version="2">
  <description>Move Originator Application Entity Title</description>
</entry>
         <entry group="0000" element="1031" vr="US" vm="1" retired="false" version="2">
  <description>Move Originator Message ID</description>
</entry>
      
   

   
      
      
      
      
      
         <entry group="0000" element="0001" vr="UL" vm="1" retired="true" version="2">
  <description>Length to End</description>
</entry>
         <entry group="0000" element="0010" vr="CS" vm="1" retired="true" version="2">
  <description>Recognition Code</description>
</entry>
         <entry group="0000" element="0200" vr="AE" vm="1" retired="true" version="2">
  <description>Initiator</description>
</entry>
         <entry group="0000" element="0300" vr="AE" vm="1" retired="true" version="2">
  <description>Receiver</description>
</entry>
         <entry group="0000" element="0400" vr="AE" vm="1" retired="true" version="2">
  <description>Find Location</description>
</entry>
         <entry group="0000" element="0850" vr="US" vm="1" retired="true" version="2">
  <description>Number of Matches</description>
</entry>
         <entry group="0000" element="0860" vr="US" vm="1" retired="true" version="2">
  <description>Response Sequence Number</description>
</entry>
         <entry group="0000" element="4000" vr="AT" vm="1" retired="true" version="2">
  <description>DIALOG Receiver</description>
</entry>
         <entry group="0000" element="4010" vr="AT" vm="1" retired="true" version="2">
  <description>Terminal Type</description>
</entry>
         <entry group="0000" element="5010" vr="SH" vm="1" retired="true" version="2">
  <description>Message Set ID</description>
</entry>
         <entry group="0000" element="5020" vr="SH" vm="1" retired="true" version="2">
  <description>End Message ID</description>
</entry>
         <entry group="0000" element="5110" vr="AT" vm="1" retired="true" version="2">
  <description>Display Format</description>
</entry>
         <entry group="0000" element="5120" vr="AT" vm="1" retired="true" version="2">
  <description>Page Position ID</description>
</entry>
         <entry group="0000" element="5130" vr="CS" vm="1" retired="true" version="2">
  <description>Text Format ID</description>
</entry>
         <entry group="0000" element="5140" vr="CS" vm="1" retired="true" version="2">
  <description>Nor/Rev</description>
</entry>
         <entry group="0000" element="5150" vr="CS" vm="1" retired="true" version="2">
  <description>Add Gray Scale</description>
</entry>
         <entry group="0000" element="5160" vr="CS" vm="1" retired="true" version="2">
  <description>Borders</description>
</entry>
         <entry group="0000" element="5170" vr="IS" vm="1" retired="true" version="2">
  <description>Copies</description>
</entry>
         <entry group="0000" element="5180" vr="CS" vm="1" retired="true" version="2">
  <description>Magnification Type</description>
</entry>
         <entry group="0000" element="5190" vr="CS" vm="1" retired="true" version="2">
  <description>Erase</description>
</entry>
         <entry group="0000" element="51A0" vr="CS" vm="1" retired="true" version="2">
  <description>Print</description>
</entry>
         <entry group="0000" element="51B0" vr="US" vm="1-n" retired="true" version="2">
  <description>Overlays</description>
</entry>
      
   

</dict> 
